timestamp,X,Y,Z
1649357625297,-0.564108,1.544268,10.118948
1649357625316,-0.684945,1.934597,9.622138
1649357625335,-0.565304,2.126023,9.465408
1649357625354,-0.475574,1.978864,9.669994
1649357625373,-0.498305,1.903490,9.832706
1649357625392,-0.426521,1.926222,9.659226
1649357625411,-0.308076,2.072184,9.233006
1649357625430,-0.245563,2.152344,9.052347
1649357625449,-0.264706,2.243570,9.140882
1649357625468,-0.063709,2.433800,9.238987
1649357625487,0.160020,2.470888,9.443872
1649357625506,0.069093,2.390729,9.885648
1649357625525,-0.131904,2.395514,9.963414
1649357625544,-0.148654,2.608476,9.587442
1649357625563,0.006879,2.919842,9.026026
1649357625582,0.077468,3.153142,8.567501
1649357625601,0.100199,3.005983,8.437093
1649357625620,0.053539,2.863611,8.877671
1649357625639,0.052343,2.807379,9.510872
1649357625658,0.015254,2.844468,9.798011
1649357625677,-0.101994,2.912663,9.500104
1649357625696,-0.092423,3.002394,9.154042
1649357625715,0.032004,3.114857,9.047562
1649357625734,0.288335,3.365206,9.012866
1649357625753,0.437887,3.456133,9.102596
1649357625772,0.530010,3.448955,9.329018
1649357625791,0.381655,3.271587,9.451052
1649357625810,0.231805,3.101696,9.449855
1649357625829,-0.001496,3.058625,9.776475
1649357625848,-0.202493,2.995216,10.460224
1649357625867,-0.250349,2.918645,11.004890
1649357625886,-0.312862,2.793022,11.342278
1649357625905,-0.315254,2.736791,11.380564
1649357625924,-0.255135,2.850450,11.216655
1649357625943,-0.303290,2.579762,10.954342
1649357625962,-0.330808,2.287838,10.907682
1649357625981,-0.335593,2.154737,10.920842
1649357626000,-0.359522,2.062613,10.831112
1649357626019,-0.149851,1.904687,10.840683
1649357626038,-0.341575,1.199701,10.992927
1649357626057,-0.617946,1.044168,10.988141
1649357626076,-0.474377,1.840081,10.286446
1649357626095,-0.243171,2.021935,9.230613
1649357626114,-0.454038,2.062613,8.410771
1649357626133,-0.694517,2.111666,7.874480
1649357626152,-0.850050,1.836491,7.819445
1649357626171,-0.811765,1.555036,8.324630
1649357626190,-0.591625,1.417448,8.773583
1649357626209,-0.577268,1.367199,8.627322
1649357626228,-0.596411,1.605584,7.977372
1649357626247,-0.477966,1.908276,7.351349
1649357626266,-0.455234,2.180161,7.078568
1649357626285,-0.397807,2.407479,7.331010
1649357626304,-0.347557,2.589333,7.892426
1649357626323,-0.352343,2.687439,8.347362
1649357626342,-0.261117,2.726023,8.569894
1649357626361,-0.051745,2.609672,8.790333
1649357626380,0.101396,2.625226,9.303594
1649357626399,-0.030209,2.601297,9.998111
1649357626418,-0.277867,2.388336,10.606186
1649357626437,-0.321236,2.363211,11.147264
1649357626456,-0.504287,2.639582,11.433206
1649357626475,-0.364307,3.224927,10.831112
1649357626494,0.148056,2.255534,9.865009
1649357626513,0.276371,1.199701,10.347463
1649357626532,-0.153440,0.931406,12.059228
1649357626551,0.024826,0.550947,13.040883
1649357626570,0.268893,0.818944,12.335898
1649357626589,0.249751,1.424627,10.479366
1649357626608,-0.029013,1.577767,9.256933
1649357626627,-0.357129,1.811367,9.336196
1649357626646,-0.393021,2.104487,9.711869
1649357626665,-0.315254,1.747957,9.765707
1649357626684,-0.174975,1.528715,9.717851
1649357626703,-0.154636,1.392324,9.439087
1649357626722,-0.264706,1.346860,9.060722
1649357626741,-0.321236,1.588535,8.535198
1649357626760,-0.312862,1.825724,7.900801
1649357626779,-0.330808,2.186143,7.287940
1649357626798,-0.364307,2.395514,7.082157
1649357626817,-0.318844,2.500799,7.390831
1649357626836,-0.314058,2.498406,7.821838
1649357626855,-0.329611,2.385943,8.144869
1649357626874,-0.300897,2.285445,8.681161
1649357626893,-0.306879,2.180161,9.110971
1649357626912,-0.467199,2.088934,9.465408
1649357626931,-0.932902,1.564607,10.608580
1649357626950,-0.931705,1.436591,12.001801
1649357626969,-0.650250,1.698904,12.157633
1649357626988,-0.698106,2.336890,11.242976
1649357627007,-1.136292,3.196213,9.793225
1649357627026,-1.218844,2.189732,8.615358
1649357627045,-0.523430,1.343271,9.113364
1649357627064,-0.576072,0.711267,11.166406
1649357627083,-0.544965,0.453739,13.785351
1649357627102,-0.189332,0.718445,14.488242
1649357627121,0.048754,1.092024,12.719049
1649357627140,-0.074477,1.584946,10.494920
1649357627159,-0.305683,1.883151,9.133703
1649357627178,-0.330808,1.838884,8.773583
1649357627197,-0.241974,1.679762,8.915956
1649357627216,-0.323629,1.552643,8.931510
1649357627235,-0.463609,1.467698,8.450253
1649357627254,-0.491127,1.552643,7.770392
1649357627273,-0.355932,1.720439,7.031609
1649357627292,-0.339183,1.917847,6.457032
1649357627311,-0.390628,2.238785,6.418747
1649357627330,-0.036191,2.469692,6.956234
1649357627349,0.215055,2.469692,7.374081
1649357627368,0.206680,2.620440,7.946265
1649357627387,0.077468,2.662314,8.978169
1649357627406,-0.124726,2.340480,10.117751
1649357627425,0.028415,1.974079,10.994123
1649357627444,0.082253,1.783849,12.006586
1649357627463,0.010469,1.603191,12.686746
1649357627482,0.088235,2.412264,12.413665
1649357627501,0.225823,3.730111,11.094622
1649357627520,-0.051745,2.602494,9.592228
1649357627539,-0.341575,1.561018,9.914362
1649357627558,-0.377468,0.662214,11.797214
1649357627577,-0.258724,0.633500,13.434802
1649357627596,-0.282652,1.233201,13.523336
1649357627615,-0.357129,1.273879,11.975479
1649357627634,-0.322433,1.529911,10.018450
1649357627653,-0.164207,1.820938,8.836993
1649357627672,0.004487,1.590928,8.281559
1649357627691,0.330210,1.198505,7.976175
1649357627710,0.540778,0.918246,7.982157
1649357627729,0.403191,0.836890,8.125727
1649357627748,0.021236,1.153041,8.095817
1649357627767,0.067896,1.456930,7.529614
1649357627786,0.285942,1.759921,6.576972
1649357627805,0.254537,2.056631,6.143572
1649357627824,0.048754,2.279463,6.588936
1649357627843,-0.312862,2.198107,7.528418
1649357627862,-0.106780,2.223231,8.518449
1649357627881,-0.037388,2.201696,9.252148
1649357627900,-0.263510,2.182553,9.604192
1649357627919,-0.627518,2.104487,9.827921
1649357627938,-0.668196,1.903490,10.560722
1649357627957,-0.481556,1.948954,11.617752
1649357627976,-0.397807,2.057827,12.111870
1649357627995,-0.607179,2.871985,11.620145
1649357628014,-0.991526,3.628417,10.347463
1649357628033,-0.449252,2.677868,9.304790
1649357628052,0.093021,1.322932,10.035199
1649357628071,-0.529412,0.790230,12.098709
1649357628090,-0.737588,1.084846,13.648959
1649357628109,-0.497109,1.296611,13.022937
1649357628128,-0.270688,1.642673,10.994123
1649357628147,-0.421735,1.733600,9.285647
1649357628166,-0.647857,1.592124,8.484949
1649357628185,-0.714856,1.428216,8.453842
1649357628204,-0.726820,1.313361,8.474181
1649357628223,-0.738784,1.235594,8.364112
1649357628242,-0.713659,1.373181,8.197810
1649357628261,-0.621536,1.599602,7.648358
1649357628280,-0.580858,1.879562,6.689435
1649357628299,-0.309272,2.090131,5.933901
1649357628318,-0.348754,2.211267,6.321837
1649357628337,-0.521037,2.381158,7.675876
1649357628356,-0.414557,2.647957,8.878867
1649357628375,-0.183350,2.857628,9.491729
1649357628394,0.059521,2.303391,9.876077
1649357628413,0.100199,1.418645,10.814362
1649357628432,-0.285045,1.363610,12.035299
1649357628451,-0.219242,2.045863,12.578770
1649357628470,0.325424,2.785844,11.955140
1649357628489,0.668794,3.143571,9.760921
1649357628508,0.121735,2.157429,7.924729
1649357628527,-0.354736,0.693320,9.518050
1649357628546,-0.856331,-0.168694,13.354642
1649357628565,-0.856331,0.543769,15.613467
1649357628584,-0.809372,1.172184,14.097913
1649357628603,-0.694517,1.550250,10.868200
1649357628622,-0.698106,2.038685,8.750852
1649357628641,-0.726820,2.061417,8.271988
1649357628660,-0.438485,1.881955,8.701500
1649357628679,-0.280259,1.603191,9.022437
1649357628698,-0.287438,1.271486,8.833404
1649357628717,-0.240778,1.279861,8.452646
1649357628736,-0.172582,1.398306,7.861320
1649357628755,-0.058923,1.698904,7.198209
1649357628774,-0.013460,1.928615,6.766005
1649357628793,0.042772,2.123630,6.592525
1649357628812,0.168395,2.500799,6.823433
1649357628831,-0.052941,2.474478,7.523633
1649357628850,-0.681356,2.183750,8.468200
1649357628869,-1.325325,1.969293,9.805189
1649357628888,-1.482354,2.018346,10.966306
1649357628907,-0.931705,1.698904,11.484652
1649357628926,-0.548555,1.672583,11.823535
1649357628945,-0.442074,1.846063,11.746964
1649357628964,-0.553340,2.701796,11.427223
1649357628983,-0.503091,3.511168,10.366605
1649357629002,0.048754,2.701796,8.821440
1649357629021,0.234198,1.319343,9.058330
1649357629040,-0.226421,0.778266,11.289637
1649357629059,-0.318844,1.052543,13.500605
1649357629078,-0.203689,1.275075,13.304393
1649357629097,-0.257528,1.559821,11.320743
1649357629116,-0.501895,1.605584,9.122935
1649357629135,-0.786640,1.433002,7.872087
1649357629154,-0.793819,1.010369,8.191829
1649357629173,-0.713659,0.895514,9.386445
1649357629192,-0.670589,0.987638,9.922736
1649357629211,-0.712463,1.249951,9.145667
1649357629230,-0.537787,1.491626,7.801499
1649357629249,-0.437288,1.724029,6.702595
1649357629268,-0.335593,2.009971,6.208179
1649357629287,-0.327219,2.210071,6.463014
1649357629306,-0.535394,2.244767,7.332207
1649357629325,-0.635893,2.073381,8.642876
1649357629344,-0.311665,2.074577,10.036395
1649357629363,-0.009870,1.959722,10.703095
1649357629382,-0.207278,1.739582,10.983056
1649357629401,-0.231206,1.563411,11.645269
1649357629420,-0.158225,1.843670,12.081960
1649357629439,0.223430,2.287838,11.719447
1649357629458,0.644866,3.102893,11.113764
1649357629477,0.531207,3.369992,9.608977
1649357629496,0.482154,2.723630,8.703893
1649357629515,0.118146,1.523929,9.571889
1649357629534,-0.168993,0.992423,11.593824
1649357629553,-0.249153,1.200898,12.967902
1649357629572,-0.153440,1.276272,12.199507
1649357629591,-0.523430,1.484447,10.600204
1649357629610,-0.646660,1.609173,9.503694
1649357629629,-0.651446,1.534697,9.058330
1649357629648,-0.555733,1.550250,8.908778
1649357629667,-0.425324,1.586142,8.518449
1649357629686,-0.371486,1.689333,7.991728
1649357629705,-0.149851,1.905883,7.661519
1649357629724,0.015254,2.123630,7.298707
1649357629743,0.021236,2.021935,7.037591
1649357629762,-0.031406,2.116452,6.866504
1649357629781,-0.058923,2.554637,6.847361
1649357629800,-0.245563,2.883950,7.431509
1649357629819,-0.638285,2.900699,8.949456
1649357629838,-0.783051,2.662314,10.254143
1649357629857,-0.739980,2.568994,10.307981
1649357629876,-0.620339,2.318944,10.036395
1649357629895,-0.583251,1.970490,10.254143
1649357629914,-0.800997,1.956133,11.216655
1649357629933,-0.897009,2.267498,11.940784
1649357629952,-0.891027,3.211766,11.506186
1649357629971,-0.998704,3.587739,9.631709
1649357629990,-0.739980,2.633600,8.638090
1649357630009,-0.925723,1.858027,10.004092
1649357630028,-0.846461,1.713261,12.270096
1649357630047,-0.436092,1.770689,13.159328
1649357630066,-0.081655,1.769492,11.807981
1649357630085,0.067896,1.915455,9.831510
1649357630104,-0.026620,2.136791,8.918349
1649357630123,-0.096012,2.015953,8.835796
1649357630142,-0.129512,1.749153,8.798708
1649357630161,-0.121137,1.612762,8.827422
1649357630180,-0.253938,1.654637,8.864511
1649357630199,-0.364307,1.660619,8.423932
1649357630218,-0.184546,1.820938,7.514061
1649357630237,0.043968,2.087738,6.457032
1649357630256,0.130110,2.306980,5.909973
1649357630275,0.205484,2.610869,6.116055
1649357630294,0.308674,2.909074,6.691828
1649357630313,0.313460,2.947359,7.515258
1649357630332,0.288335,2.692225,8.771191
1649357630351,0.237787,2.244767,10.284053
1649357630370,0.017647,1.697708,11.708679
1649357630389,-0.225224,1.714457,12.462718
1649357630408,-0.196511,2.226820,12.386147
1649357630427,0.547956,2.947359,11.567503
1649357630446,1.080659,2.708974,9.665209
1649357630465,0.813560,2.038685,8.562716
1649357630484,0.324227,1.042972,9.944272
1649357630503,0.287139,0.511466,12.891332
1649357630522,0.358923,0.991227,14.606687
1649357630541,0.171984,1.393520,13.401302
1649357630560,-0.244367,1.880759,10.736595
1649357630579,-0.507877,1.999203,9.071489
1649357630598,-0.451645,1.777867,8.644072
1649357630617,-0.233599,1.540679,8.883654
1649357630636,-0.110369,1.222433,8.929117
1649357630655,-0.267099,1.223630,8.768798
1649357630674,-0.197707,1.405484,8.415557
1649357630693,-0.007478,1.606780,7.573882
1649357630712,0.003290,1.831706,6.653543
1649357630731,-0.063709,2.152344,6.173482
1649357630750,-0.154636,2.427818,6.366105
1649357630769,-0.265902,2.399104,7.187441
1649357630788,-0.415753,2.515156,8.258827
1649357630807,-0.680160,2.819343,8.851350
1649357630826,-0.867099,2.420639,9.399606
1649357630845,-1.120738,1.757528,10.771291
1649357630864,-1.175773,1.749153,12.116955
1649357630883,-1.208076,1.887937,12.168401
1649357630902,-1.077667,2.603690,11.500205
1649357630921,-1.243969,3.493222,10.553544
1649357630940,-0.847657,3.010769,9.393623
1649357630959,-0.511466,1.974079,9.407980
1649357630978,-0.817747,1.214058,11.300404
1649357630997,-1.046561,1.033101,13.834702
1649357631016,-0.668196,1.080060,14.580366
1649357631035,-0.477966,1.349253,12.668500
1649357631054,-0.798605,1.902294,10.124930
1649357631073,-0.871885,1.896312,8.557930
1649357631092,-0.751945,1.482054,8.353344
1649357631111,-0.684945,1.198505,9.033205
1649357631130,-0.662214,1.124328,9.384052
1649357631149,-0.725623,1.285843,8.951849
1649357631168,-0.621536,1.504786,7.953444
1649357631187,-0.481556,1.684547,6.947860
1649357631206,-0.461217,1.988436,6.283552
1649357631225,-0.259920,2.370390,6.241678
1649357631244,-0.130708,2.594119,7.049555
1649357631263,-0.125922,2.653939,8.126923
1649357631282,-0.269492,2.411068,8.907581
1649357631301,-0.111565,2.382354,9.531211
1649357631320,0.119342,2.145165,10.097412
1649357631339,0.057129,1.813760,10.916057
1649357631358,-0.119940,1.847259,11.976676
1649357631377,-0.131904,2.085345,12.636197
1649357631396,0.317049,3.015555,12.139687
1649357631415,0.361316,3.092125,9.884451
1649357631434,0.155234,2.334498,8.294720
1649357631453,-0.155833,1.182952,9.861421
1649357631472,-0.314058,0.842872,13.190434
1649357631491,-0.234796,1.245165,14.965909
1649357631510,-0.268295,1.553839,13.378571
1649357631529,-0.616750,2.093720,10.621739
1649357631548,-0.784248,2.290230,8.634501
1649357631567,-0.757927,2.127219,7.779963
1649357631586,-0.603590,1.732404,7.722536
1649357631605,-0.334397,1.333699,8.067102
1649357631624,-0.388235,1.363610,8.470592
1649357631643,-0.487538,1.537089,8.366505
1649357631662,-0.418146,1.867598,7.607381
1649357631681,-0.116351,2.186143,6.560222
1649357631700,0.069093,2.389533,5.748457
1649357631719,0.273978,2.772683,5.777171
1649357631738,0.419940,3.105286,6.284749
1649357631757,0.206680,3.014358,7.465008
1649357631776,-0.117547,2.861218,9.203095
1649357631795,-0.525823,2.444567,10.390533
1649357631814,-0.905384,1.764707,11.047961
1649357631833,-0.955634,1.822134,11.926426
1649357631852,-0.981955,2.263909,12.668500
1649357631871,-1.117149,2.895914,12.481860
1649357631890,-1.137488,3.827021,10.863415
1649357631909,-0.952044,3.172285,8.438289
1649357631928,-0.291326,2.503191,8.590233
1649357631947,-0.267099,1.859223,11.214262
1649357631966,-0.631107,1.722832,13.363017
1649357631985,-0.664607,1.678565,13.205988
1649357632004,-0.235992,1.854438,11.197513
1649357632023,-0.076869,2.106880,8.893225
1649357632042,-0.285045,2.091327,7.849356
1649357632061,-0.221635,1.661815,8.329415
1649357632080,-0.332004,1.217648,9.282058
1649357632099,-0.480359,1.246361,9.741779
1649357632118,-0.589233,1.488037,9.084650
1649357632137,-0.614357,1.694118,7.992925
1649357632156,-0.559322,1.887937,7.077371
1649357632175,-0.541376,2.104487,6.691828
1649357632194,-0.548555,2.493620,6.736095
1649357632213,-0.469591,2.728416,7.036394
1649357632232,-0.413360,2.695814,7.485347
1649357632251,-0.298505,2.356033,8.287541
1649357632270,-0.032602,1.936990,9.593424
1649357632289,0.181555,1.757528,10.619347
1649357632308,0.032004,1.490429,10.972288
1649357632327,-0.283849,1.679762,11.384152
1649357632346,-0.149851,2.121237,11.946765
1649357632365,0.379262,2.883950,11.404491
1649357632384,0.317049,2.997609,8.988937
1649357632403,0.277567,2.212464,7.566703
1649357632422,-0.131904,1.340878,9.061918
1649357632441,-0.196511,1.145863,12.255738
1649357632460,0.309871,1.060918,14.285749
1649357632479,0.466600,1.174577,13.389338
1649357632498,0.348156,1.782653,10.981859
1649357632517,0.268893,2.195714,9.266505
1649357632536,-0.056530,2.041078,8.823833
1649357632555,-0.359522,1.826920,9.097811
1649357632574,-0.373879,1.580160,9.362516
1649357632593,-0.369093,1.508376,9.385248
1649357632612,-0.535394,1.643869,9.167203
1649357632631,-0.652642,1.696511,8.322237
1649357632650,-0.600000,1.902294,7.267601
1649357632669,-0.431306,2.218446,6.567401
1649357632688,-0.476770,2.509174,6.566205
1649357632707,-0.500698,2.757130,7.211369
1649357632726,-0.567697,2.816951,7.845767
1649357632745,-0.613161,2.533102,8.700303
1649357632764,-0.972383,2.274677,9.776475
1649357632783,-0.889831,1.980061,10.439885
1649357632802,-0.495912,1.829313,10.846665
1649357632821,-0.481556,1.926222,11.134103
1649357632840,-0.757927,2.551048,11.300404
1649357632859,-0.592822,3.222534,10.710274
1649357632878,-0.658624,2.732005,9.229416
1649357632897,-0.130708,2.020739,8.920742
1649357632916,-0.552144,1.178166,10.756934
1649357632935,-0.897009,0.909871,13.347464
1649357632954,-0.760319,1.160220,14.249857
1649357632973,-0.424128,1.501197,12.603894
1649357632992,-0.767498,2.167000,10.324731
1649357633011,-0.931705,2.149951,8.640483
1649357633030,-0.820140,1.476072,8.119744
1649357633049,-1.159024,1.294218,8.803493
1649357633068,-1.194916,1.205683,9.587442
1649357633087,-1.147059,1.337289,9.342177
1649357633106,-0.847657,1.621137,8.059924
1649357633125,-0.528216,1.860420,6.500402
1649357633144,-0.320040,2.088934,5.464908
1649357633163,-0.361914,2.170589,5.634798
1649357633182,-0.349950,2.402693,6.811469
1649357633201,-0.143868,2.540280,8.037192
1649357633220,0.018843,2.661118,8.587840
1649357633239,0.047557,2.530709,9.161221
1649357633258,0.132503,2.155933,10.587044
1649357633277,0.009272,1.545464,11.940784
1649357633296,-0.287438,1.654637,12.024532
1649357633315,-0.327219,2.292623,11.580664
1649357633334,0.203091,2.825325,10.693524
1649357633353,0.285942,2.633600,9.078669
1649357633372,-0.127119,1.934597,8.650054
1649357633391,-0.845265,1.239183,10.703095
1649357633410,-0.800997,1.034298,13.532907
1649357633429,-0.302094,1.415056,14.307284
1649357633448,-0.394218,1.299004,12.279667
1649357633467,-0.639482,1.459323,9.980165
1649357633486,-0.719641,1.759921,8.974581
1649357633505,-0.506680,1.714457,9.169596
1649357633524,-0.107976,1.399502,9.388838
1649357633543,0.061914,1.138685,9.255737
1649357633562,0.033200,1.161416,8.976974
1649357633581,0.000897,1.374377,8.301898
1649357633600,0.009272,1.800599,7.412366
1649357633619,0.063111,2.180161,6.806683
1649357633638,0.055932,2.327319,6.586544
1649357633657,-0.007478,2.479263,6.830611
1649357633676,-0.079262,2.810968,7.392027
1649357633695,-0.291326,2.894717,8.370093
1649357633714,-0.482752,2.833700,9.801600
1649357633733,-0.601197,2.720041,10.028021
1649357633752,-0.803390,2.351247,9.888041
1649357633771,-0.753141,1.877169,10.859825
1649357633790,-0.653839,1.819742,12.417254
1649357633809,-0.491127,2.181357,13.383356
1649357633828,-0.486341,3.143571,12.396915
1649357633847,-0.626321,3.228516,9.759726
1649357633866,-0.327219,2.535495,8.474181
1649357633885,-0.394218,1.978864,9.754940
1649357633904,-0.538983,1.769492,11.705091
1649357633923,-0.521037,1.935794,12.383755
1649357633942,-0.387039,1.928615,11.160424
1649357633961,-0.503091,1.859223,9.192327
1649357633980,-0.656232,1.559821,8.342576
1649357633999,-0.784248,1.394717,8.814261
1649357634018,-0.804587,1.416252,9.142078
1649357634037,-0.888635,1.613959,8.682357
1649357634056,-0.880260,1.816152,7.648358
1649357634075,-0.858724,1.891526,6.702595
1649357634094,-0.861117,2.121237,6.336195
1649357634113,-0.811765,2.290230,6.370890
1649357634132,-0.773480,2.598905,6.582954
1649357634151,-0.517448,2.686243,7.132406
1649357634170,-0.157029,2.630011,7.581060
1649357634189,-0.040977,2.632404,8.280363
1649357634208,0.076271,2.614458,9.356535
1649357634227,0.078664,2.426621,10.585847
1649357634246,-0.099601,1.791028,11.487044
1649357634265,-0.471984,1.578964,12.158829
1649357634284,-0.310469,2.116452,12.378969
1649357634303,0.385244,3.226123,11.989836
1649357634322,0.473779,3.405884,10.050753
1649357634341,-0.052941,2.614458,8.156834
1649357634360,-0.583251,1.799403,9.069097
1649357634379,-0.981955,1.161416,12.466307
1649357634398,-0.373879,0.979263,15.034104
1649357634417,-0.335593,1.324128,14.646169
1649357634436,-0.176172,1.647458,11.522937
1649357634455,-0.486341,2.297409,8.697910
1649357634474,-0.516252,2.261517,7.449455
1649357634493,-0.353540,2.020739,7.711768
1649357634512,-0.457627,1.510768,8.557930
1649357634531,-0.620339,1.345664,9.059525
1649357634550,-0.608375,1.494019,9.097811
1649357634569,-0.451645,1.773082,8.488539
1649357634588,-0.275474,2.087738,7.465008
1649357634607,-0.306879,2.321337,6.348158
1649357634626,-0.165404,2.535495,5.947361
1649357634645,-0.055334,2.764308,6.732506
1649357634664,-0.129512,2.855236,8.118548
1649357634683,-0.586840,2.909074,8.984152
1649357634702,-0.936491,3.137589,9.416355
1649357634721,-0.832104,2.733202,9.805189
1649357634740,-0.455234,2.220839,10.373783
1649357634759,-0.107976,2.204089,11.087442
1649357634778,-0.264706,2.323730,11.620145
1649357634797,-0.396610,3.472883,11.362617
1649357634816,-0.000299,3.427419,9.436694
1649357634835,0.364905,2.275873,8.390432
1649357634854,-0.167797,1.403091,10.419247
1649357634873,-0.655035,0.960120,13.491034
1649357634892,-0.657428,1.246361,14.940784
1649357634911,-0.558126,1.435395,13.708780
1649357634930,-0.422931,1.812563,10.892129
1649357634949,-0.646660,1.996811,8.599805
1649357634968,-0.902991,1.980061,7.955836
1649357634987,-1.063311,1.743171,8.196614
1649357635006,-1.196112,1.505983,8.543573
1649357635025,-1.053739,1.435395,8.453842
1649357635044,-0.790230,1.646262,7.901998
1649357635063,-0.456431,1.843670,7.250851
1649357635082,-0.214457,2.029114,6.641578
1649357635101,-0.063709,2.118845,6.211768
1649357635120,-0.012263,2.302195,6.226124
1649357635139,-0.087637,2.449353,6.756434
1649357635158,-0.329611,2.360819,8.047960
1649357635177,-0.264706,2.136791,9.290433
1649357635196,-0.164207,1.832902,10.031610
1649357635215,-0.116351,1.529911,10.534402
1649357635234,-0.094816,1.363610,11.341082
1649357635253,-0.191725,1.707279,11.958730
1649357635272,0.133699,2.620440,11.038390
1649357635291,0.495314,2.802593,8.823833
1649357635310,0.570688,1.904687,8.267202
1649357635329,-0.092423,0.274277,10.861022
1649357635348,-0.177368,-0.263211,14.832808
1649357635367,0.101396,0.663410,16.957636
1649357635386,0.164806,1.112363,14.533706
1649357635405,0.120538,1.926222,10.307981
1649357635424,-0.027817,2.317748,7.512865
1649357635443,-0.080459,1.951347,7.194620
1649357635462,0.091825,1.355235,8.532805
1649357635481,0.182752,1.093221,10.096216
1649357635500,-0.056530,1.038186,10.506885
1649357635519,-0.064905,1.294218,9.277272
1649357635538,0.192323,1.517947,7.485347
1649357635557,0.119342,1.932204,6.326623
1649357635576,0.015254,2.442175,6.105287
1649357635595,-0.054138,2.610869,6.565008
1649357635614,0.229412,2.388336,7.352546
1649357635633,0.189930,2.112862,8.789137
1649357635652,-0.544965,2.216053,10.400105
1649357635671,-0.919741,2.231606,11.269298
1649357635690,-0.558126,1.975275,11.173584
1649357635709,-0.220439,1.553839,11.459527
1649357635728,-0.542573,1.496411,12.428021
1649357635747,-0.678963,2.140380,12.261721
1649357635766,-0.744766,2.755934,10.026824
1649357635785,-0.373879,2.363211,8.111370
1649357635804,-0.333201,1.641476,8.294720
1649357635823,-0.919741,0.994816,10.366605
1649357635842,-0.669392,0.926621,12.723834
1649357635861,-0.327219,1.144667,13.217953
1649357635880,0.017647,1.257129,11.449955
1649357635899,-0.171386,1.211666,9.750154
1649357635918,-0.276670,0.999602,8.986545
1649357635937,-0.178564,0.732802,8.892028
1649357635956,-0.173779,0.930210,8.884850
1649357635975,-0.314058,1.210469,8.478967
1649357635994,-0.511466,1.678565,7.657930
1649357636013,-0.549751,1.867598,6.996912
1649357636032,-0.611964,2.100898,6.731309
1649357636051,-0.623928,2.324926,6.931110
1649357636070,-0.613161,2.537888,7.202994
1649357636089,-0.751945,2.409872,7.534400
1649357636108,-0.832104,2.174178,8.457432
1649357636127,-0.610768,2.115255,9.513265
1649357636146,-0.133101,2.069792,9.783653
1649357636165,-0.009870,1.583750,9.653245
1649357636184,-0.230010,1.125524,10.348659
1649357636203,-0.580858,1.215255,11.811571
1649357636222,-0.674178,1.431805,12.584751
1649357636241,0.063111,2.272284,12.345469
1649357636260,0.837787,2.546263,10.281660
1649357636279,0.983749,1.547857,8.203793
1649357636298,0.525225,1.035793,8.777172
1649357636317,-0.002692,0.466900,11.629716
1649357636336,-0.107976,0.552144,14.436796
1649357636355,0.229412,0.442971,14.302499
1649357636374,0.018843,1.068096,11.991033
1649357636393,-0.251545,1.534697,9.460623
1649357636412,-0.282652,1.606780,8.070692
1649357636431,-0.231206,1.468894,7.826624
1649357636450,-0.025424,1.162613,8.135298
1649357636469,0.042772,1.019941,8.597412
1649357636488,-0.131904,1.163809,8.589037
1649357636507,-0.164207,1.309771,7.991728
1649357636526,0.065504,1.578964,6.929914
1649357636545,0.215055,1.899901,6.289534
1649357636564,0.066700,2.178964,6.446264
1649357636583,-0.416949,2.424228,7.494919
1649357636602,-0.678963,2.443371,8.926724
1649357636621,-0.833300,2.469692,9.845867
1649357636640,-0.832104,2.286641,10.036395
1649357636659,-0.683749,1.746760,10.329516
1649357636678,-0.534198,1.449751,11.175978
1649357636697,-0.674178,1.616352,12.128919
1649357636716,-0.832104,2.278266,12.212667
1649357636735,-0.718445,3.433401,10.859825
1649357636754,-0.241974,2.042274,8.572288
1649357636773,0.237787,1.141077,8.256434
1649357636792,-0.349950,0.210867,10.410872
1649357636811,-0.748355,0.416650,13.222738
1649357636830,-0.698106,0.765105,14.180465
1649357636849,-0.219242,0.939781,12.731013
1649357636868,-0.152243,1.605584,10.309177
1649357636887,-0.363111,1.738386,8.881260
1649357636906,-0.584447,1.635494,8.872886
1649357636925,-0.634696,1.479662,9.170792
1649357636944,-0.622732,1.325325,9.012866
1649357636963,-0.637089,1.288236,8.458628
1649357636982,-0.590429,1.336092,7.806285
1649357637001,-0.300897,1.455733,7.167102
1649357637020,-0.153440,1.777867,6.539884
1649357637039,-0.096012,2.053042,6.150751
1649357637058,-0.007478,2.183750,6.351748
1649357637077,0.005683,2.262713,7.540382
1649357637096,-0.176172,2.220839,8.967402
1649357637115,-0.283849,2.032703,9.669994
1649357637134,-0.110369,1.684547,10.110573
1649357637153,0.052343,1.214058,10.986645
1649357637172,-0.066102,1.063311,12.233006
1649357637191,-0.207278,1.316950,13.164114
1649357637210,0.097807,1.992025,13.257733
1649357637229,0.731007,2.664707,11.463116
1649357637248,0.806381,1.959722,8.903992
1649357637267,0.564706,1.415056,8.240881
1649357637286,0.255733,0.676571,10.296017
1649357637305,0.354138,0.411865,12.977473
1649357637324,0.386441,0.375972,13.967504
1649357637343,0.173181,0.835693,12.469896
1649357637362,0.027218,1.471287,10.010075
1649357637381,-0.091226,1.740778,8.092227
1649357637400,-0.218046,1.416252,7.204191
1649357637419,-0.088834,0.937388,7.386045
1649357637438,0.151645,0.453739,8.530413
1649357637457,-0.013460,0.639482,9.561121
1649357637476,-0.189332,1.003191,9.439087
1649357637495,-0.177368,1.446162,8.368897
1649357637514,0.040379,1.869991,7.254440
1649357637533,0.306281,2.244767,6.652346
1649357637552,0.177966,2.458924,7.049555
1649357637571,-0.213260,2.382354,8.300702
1649357637590,-0.466002,2.170589,9.725029
1649357637609,-0.841675,2.316551,10.712667
1649357637628,-0.906581,2.087738,11.404491
1649357637647,-0.617946,1.801795,12.107084
1649357637666,-0.379861,1.701297,12.174382
1649357637685,-0.286241,1.470090,11.778071
1649357637704,-0.486341,2.135594,11.858231
1649357637723,-0.784248,3.234498,10.893325
1649357637742,-0.548555,2.856432,8.658429
1649357637761,0.240180,2.044667,7.776374
1649357637780,-0.228814,1.351646,9.539586
1649357637799,-0.934098,1.417448,11.833106
1649357637818,-0.940080,1.666601,12.407682
1649357637837,-0.476770,1.813760,10.856236
1649357637856,-0.432503,1.911865,9.066704
1649357637875,-0.607179,1.801795,8.354540
1649357637894,-0.792623,1.603191,8.373683
1649357637913,-0.827318,1.363610,8.422736
1649357637932,-0.699302,1.289432,8.401200
1649357637951,-0.656232,1.328914,8.243274
1649357637970,-0.668196,1.441377,7.849356
1649357637989,-0.561715,1.797010,7.073782
1649357638008,-0.357129,2.127219,6.381658
1649357638027,-0.261117,2.376372,6.368497
1649357638046,-0.361914,2.580958,7.353742
1649357638065,-0.440878,2.558227,8.780762
1649357638084,-0.106780,2.645565,9.844670
1649357638103,0.434297,2.316551,10.402497
1649357638122,0.381655,1.825724,11.087442
1649357638141,-0.134297,1.509572,12.255738
1649357638160,-0.257528,1.647458,12.615858
1649357638179,0.053539,2.158625,12.066406
1649357638198,0.571885,3.162713,11.022837
1649357638217,0.629312,2.898306,8.670393
1649357638236,0.154038,2.329712,7.705786
1649357638255,-0.062512,1.352842,10.196714
1649357638274,-0.013460,1.147059,13.504193
1649357638293,0.100199,1.139881,14.439189
1649357638312,0.061914,1.218844,12.569199
1649357638331,0.055932,1.478465,9.934701
1649357638350,0.107378,1.649851,8.388040
1649357638369,0.333799,1.540679,8.071888
1649357638388,0.297906,1.175773,8.504091
1649357638407,0.037986,1.077667,9.066704
1649357638426,-0.131904,1.120738,9.206684
1649357638445,-0.148654,1.246361,8.892028
1649357638464,-0.124726,1.395913,7.922337
1649357638483,0.079860,1.725225,6.885646
1649357638502,0.321835,2.211267,6.357730
1649357638521,0.275175,2.373979,6.562615
1649357638540,0.119342,2.268695,7.502097
1649357638559,-0.042173,2.169393,8.941081
1649357638578,-0.422931,2.205285,10.230214
1649357638597,-0.811765,2.062613,11.202298
1649357638616,-1.063311,1.588535,11.781660
1649357638635,-0.901795,1.407877,11.902498
1649357638654,-0.694517,1.655833,11.780464
1649357638673,-0.899402,2.560619,11.713465
1649357638692,-1.080060,3.081357,10.422836
1649357638711,-0.629911,2.346462,8.555537
1649357638730,-0.408574,1.537089,8.231310
1649357638749,-0.548555,0.811765,10.071092
1649357638768,-0.907777,1.334896,12.471092
1649357638787,-1.436890,1.677369,13.377374
1649357638806,-0.728016,1.658226,11.382957
1649357638825,-0.763909,2.043471,9.095418
1649357638844,-0.835693,1.941776,7.978568
1649357638863,-0.989133,1.702493,8.263613
1649357638882,-1.115953,1.446162,8.734999
1649357638901,-1.070489,1.233201,8.968598
1649357638920,-0.875474,1.306182,8.727820
1649357638939,-0.699302,1.588535,7.991728
1649357638958,-0.384646,1.819742,7.174281
1649357638977,-0.196511,2.076970,6.636793
1649357638996,-0.051745,2.314159,6.574579
1649357639015,0.070289,2.513959,7.057930
1649357639034,0.088235,2.589333,7.818249
1649357639053,-0.088834,2.551048,8.366505
1649357639072,-0.007478,2.122434,9.155238
1649357639091,0.049950,1.461716,10.403694
1649357639110,0.000897,0.942174,12.104692
1649357639129,-0.277867,1.218844,13.180863
1649357639148,-0.139083,2.093720,12.806387
1649357639167,0.308674,2.812165,10.545170
1649357639186,0.463011,2.399104,8.085049
1649357639205,0.021236,1.714457,8.162815
1649357639224,-0.329611,0.719641,10.747363
1649357639243,-0.064905,0.459721,13.990235
1649357639262,0.201894,0.714856,15.217155
1649357639281,-0.110369,1.028316,13.272090
1649357639300,-0.216850,1.770689,10.250553
1649357639319,0.042772,1.984846,8.046763
1649357639338,0.233001,1.665405,7.408777
1649357639357,0.082253,1.443769,8.040781
1649357639376,-0.160618,1.214058,8.900403
1649357639395,-0.505484,1.151845,9.321838
1649357639414,-0.410967,1.303789,8.981759
1649357639433,-0.136690,1.553839,7.740482
1649357639452,-0.218046,1.975275,6.658328
1649357639471,-0.197707,2.323730,6.256035
1649357639490,-0.366700,2.484049,6.687042
1649357639509,-0.373879,2.529513,7.661519
1649357639528,-0.387039,2.321337,8.795118
1649357639547,-0.665803,2.238785,9.865009
1649357639566,-1.228415,1.875973,10.802398
1649357639585,-1.424926,1.151845,11.866606
1649357639604,-1.145863,1.210469,13.063615
1649357639623,-0.583251,1.613959,13.451551
1649357639642,-0.456431,2.628815,12.517753
1649357639661,-0.987937,3.001198,10.268499
1649357639680,-0.625125,2.565405,8.214561
1649357639699,-0.436092,1.855634,8.231310
1649357639718,-0.629911,1.520340,10.540383
1649357639737,-0.585643,1.617548,12.904492
1649357639756,-0.262313,1.543072,13.156936
1649357639775,-0.075673,1.661815,11.051551
1649357639794,-0.250349,1.706083,8.882457
1649357639813,-0.450449,1.635494,8.137691
1649357639832,-0.580858,1.400699,8.271988
1649357639851,-0.631107,1.176970,8.511271
1649357639870,-0.562912,1.072882,8.621340
1649357639889,-0.671785,1.270290,8.285149
1649357639908,-0.592822,1.636691,7.463812
1649357639927,-0.404985,1.938186,6.566205
1649357639946,-0.318844,2.238785,6.031109
1649357639965,-0.231206,2.513959,6.318248
1649357639984,0.120538,2.621636,7.399206
1649357640003,0.173181,2.594119,8.644072
1649357640022,0.028415,2.413461,9.488140
1649357640041,-0.009870,2.041078,10.181161
1649357640060,0.259322,1.571785,11.190334
1649357640079,0.091825,1.485644,11.987443
1649357640098,-0.137886,1.482054,12.136097
1649357640117,-0.245563,1.757528,12.152847
1649357640136,0.550349,2.518745,11.829517
1649357640155,0.986142,2.651546,10.055538
1649357640174,0.415155,2.426621,8.579466
1649357640193,-0.222832,1.856830,9.369696
1649357640212,-0.497109,1.129113,11.744572
1649357640231,-0.584447,1.473680,13.578371
1649357640250,-0.682553,1.607977,13.235002
1649357640269,-0.529412,1.781456,11.223834
1649357640288,-0.381057,2.051845,9.654441
1649357640307,-0.207278,1.999203,8.758030
1649357640326,0.043968,1.628316,8.384451
1649357640345,0.081057,1.309771,8.427522
1649357640364,-0.048156,1.064507,8.541181
1649357640383,-0.212064,1.376770,8.413164
1649357640402,-0.046959,1.826920,7.722536
1649357640421,0.166002,2.134398,6.738488
1649357640440,0.039182,2.333301,6.297909
1649357640459,-0.164207,2.388336,6.629614
1649357640478,-0.048156,2.639582,7.228119
1649357640497,-0.050548,2.810968,7.573882
1649357640516,-0.263510,2.444567,7.927122
1649357640535,-0.372682,1.808974,9.199506
1649357640554,-0.662214,1.066900,11.044372
1649357640573,-0.566501,1.103989,12.230614
1649357640592,-0.376271,1.887937,12.188740
1649357640611,-0.728016,2.586940,11.740982
1649357640630,-0.894617,3.235694,10.901700
1649357640649,-0.625125,2.809772,8.871689
1649357640668,-0.456431,2.523530,8.403593
1649357640687,-0.701695,1.864009,10.728220
1649357640706,-0.820140,1.747957,13.443176
1649357640725,-0.873081,1.826920,14.181662
1649357640744,-0.559322,1.887937,12.394523
1649357640763,-0.387039,2.092523,10.008878
1649357640782,-0.644267,2.007578,8.743374
1649357640801,-0.719641,1.852045,8.780762
1649357640820,-0.683749,1.695315,9.101400
1649357640839,-0.700499,1.652244,8.823833
1649357640858,-0.759123,1.791028,8.030014
1649357640877,-0.674178,1.965704,7.285547
1649357640896,-0.570090,2.068595,6.740880
1649357640915,-0.458824,2.210071,6.578168
1649357640934,-0.235992,2.360819,6.626025
1649357640953,0.030808,2.462514,7.023233
1649357640972,0.198305,2.454139,7.789535
1649357640991,-0.170190,2.463710,8.819047
1649357641010,-0.212064,2.265106,9.513265
1649357641029,0.090628,2.149951,9.628120
1649357641048,0.054736,1.674976,10.269695
1649357641067,-0.245563,1.105185,12.108281
1649357641086,-0.702892,1.360021,13.413266
1649357641105,-0.424128,2.207678,12.715460
1649357641124,0.514457,2.886342,9.817153
1649357641143,0.479761,2.596512,7.346564
1649357641162,-0.031406,1.769492,7.623234
1649357641181,-0.808176,1.034298,11.248959
1649357641200,-0.510269,1.058525,14.969499
1649357641219,-0.176172,1.373181,15.266209
1649357641238,-0.320040,1.792224,12.053246
1649357641257,-0.388235,2.167000,9.082257
1649357641276,-0.249153,1.913062,8.439486
1649357641295,-0.160618,1.538286,9.326625
1649357641314,0.015254,1.188934,9.783653
1649357641333,0.032004,1.082453,9.290433
1649357641352,-0.060120,1.478465,8.714660
1649357641371,-0.011067,1.707279,8.062317
1649357641390,-0.098405,1.933401,7.532008
1649357641409,0.014058,2.005185,7.078568
1649357641428,0.185145,2.229213,6.965806
1649357641447,0.309871,2.370390,7.661519
1649357641466,0.160020,2.376372,8.590233
1649357641485,-0.264706,2.082952,9.101400
1649357641504,-0.735195,1.753939,9.502497
1649357641523,-1.051346,1.441377,10.508080
1649357641542,-0.672981,1.193719,11.568699
1649357641561,-0.315254,1.429412,11.979069
1649357641580,-0.615554,1.917847,11.378171
1649357641599,-0.694517,2.856432,10.206285
1649357641618,-0.389432,2.944967,8.531610
1649357641637,0.508475,1.909472,7.787142
1649357641656,-0.119940,1.218844,9.358928
1649357641675,-0.699302,0.739980,12.093924
1649357641694,-0.529412,1.424627,13.817952
1649357641713,-0.106780,1.562214,12.945170
1649357641732,0.143270,1.952543,10.445868
1649357641751,0.043968,2.253142,8.518449
1649357641770,-0.109173,2.123630,8.044371
1649357641789,-0.123529,1.880759,8.429914
1649357641808,-0.179761,1.666601,8.644072
1649357641827,-0.286241,1.561018,8.403593
1649357641846,-0.445663,1.511965,7.872087
1649357641865,-0.463609,1.543072,7.603792
1649357641884,-0.443270,1.737189,7.447062
1649357641903,-0.474377,2.035096,7.232904
1649357641922,-0.549751,2.351247,7.036394
1649357641941,-0.335593,2.375175,7.153942
1649357641960,0.150449,2.048256,7.949854
1649357641979,-0.015852,1.774278,9.108579
1649357641998,-0.296112,1.673779,9.951450
1649357642017,-0.148654,1.144667,10.606186
1649357642036,0.073878,0.980459,11.729018
1649357642055,0.217448,1.383949,12.546467
1649357642074,0.648455,1.959722,12.591930
1649357642093,1.275674,2.720041,11.277672
1649357642112,1.037588,1.444966,9.114560
1649357642131,0.446261,1.277468,8.593822
1649357642150,-0.054138,0.287438,10.554741
1649357642169,-0.151047,0.202493,13.797613
1649357642188,-0.249153,0.456132,15.467206
1649357642207,-0.220439,0.533001,14.196018
1649357642226,-0.255135,1.237987,11.398510
1649357642245,-0.273081,1.738386,9.177970
1649357642264,-0.163011,1.789831,8.215756
1649357642283,0.042772,1.615155,8.082656
1649357642302,0.067896,1.240379,8.148458
1649357642321,-0.003888,1.296611,8.130512
1649357642340,-0.046959,1.538286,7.901998
1649357642359,-0.034995,1.817349,7.224530
1649357642378,-0.023031,2.135594,6.370890
1649357642397,0.140877,2.304587,5.853742
1649357642416,0.122931,2.452942,6.239285
1649357642435,-0.064905,2.436193,7.529614
1649357642454,-0.322433,2.320141,8.822637
1649357642473,-0.579661,2.280659,9.458230
1649357642492,-0.811765,2.112862,9.857831
1649357642511,-0.862313,1.441377,10.722239
1649357642530,-0.707677,1.332503,12.104692
1649357642549,-0.688535,1.735993,12.787244
1649357642568,-0.895813,2.461317,12.377772
1649357642587,-1.034597,2.864807,10.907682
1649357642606,-0.604786,1.582553,9.494123
1649357642625,-0.928116,1.282254,9.766904
1649357642644,-1.166202,0.413061,11.545669
1649357642663,-0.946062,0.641875,13.662120
1649357642682,-0.858724,0.834497,13.702798
1649357642701,-0.220439,1.148256,11.664412
1649357642720,-0.078066,1.610370,9.573085
1649357642739,-0.207278,1.745564,8.579466
1649357642758,-0.419342,1.708475,8.422736
1649357642777,-0.623928,1.598405,8.475378
1649357642796,-0.613161,1.556232,8.254042
1649357642815,-0.633500,1.547857,7.722536
1649357642834,-0.617946,1.588535,7.222137
1649357642853,-0.519841,1.655833,6.829415
1649357642872,-0.381057,1.779064,6.404390
1649357642891,-0.121137,1.855634,6.332605
1649357642910,0.121735,2.067399,6.829415
1649357642929,0.131306,2.171786,7.701001
1649357642948,0.023629,2.014757,8.531610
1649357642967,0.137288,2.090131,9.170792
1649357642986,0.530010,1.731207,9.668798
1649357643005,0.713061,0.982852,11.050354
1649357643024,0.449851,0.978066,13.031312
1649357643043,0.065504,1.621137,13.914862
1649357643062,0.693919,2.314159,13.403695
1649357643081,1.822733,2.631208,10.990534
1649357643100,1.468595,1.861616,8.303095
1649357643119,0.647259,1.431805,7.808678
1649357643138,0.102592,0.513859,10.163215
1649357643157,0.204287,0.434596,13.566407
1649357643176,0.278764,0.350848,14.788541
1649357643195,0.221037,0.677767,13.063615
1649357643214,0.186341,1.210469,10.157233
1649357643233,0.110967,1.494019,8.324630
1649357643252,0.179163,1.441377,7.852945
1649357643271,0.357727,1.186541,8.200203
1649357643290,0.235394,0.969691,8.652447
1649357643309,-0.023031,1.053739,8.857332
1649357643328,0.005683,1.313361,8.331808
1649357643347,0.070289,1.680958,7.295118
1649357643366,0.058325,2.042274,6.305088
1649357643385,0.104985,2.357229,5.854938
1649357643404,0.070289,2.457728,6.419943
1649357643423,0.004487,2.329712,7.741679
1649357643442,-0.100798,2.172982,9.187542
1649357643461,-0.527019,2.299802,9.999307
1649357643480,-0.931705,2.250749,10.240982
1649357643499,-0.814158,1.671387,10.572687
1649357643518,-0.711267,1.636691,11.252547
1649357643537,-0.722034,1.627119,12.016157
1649357643556,-0.935295,2.478067,12.825529
1649357643575,-0.944866,2.377568,12.064013
1649357643594,-0.907777,1.761117,10.386944
1649357643613,-1.176970,1.025923,9.901201
1649357643632,-1.452443,-0.026022,11.102996
1649357643651,-1.186541,0.470489,12.695121
1649357643670,-0.800997,0.729213,12.781262
1649357643689,-0.409771,1.099203,11.207084
1649357643708,-0.209671,1.483251,9.662816
1649357643727,-0.268295,1.604388,8.795118
1649357643746,-0.430110,1.429412,8.476574
1649357643765,-0.543769,1.188934,8.630911
1649357643784,-0.739980,1.117149,8.980562
1649357643803,-0.900599,1.179362,8.810672
1649357643822,-0.867099,1.388734,8.044371
1649357643841,-0.607179,1.525125,7.050751
1649357643860,-0.341575,1.826920,6.431907
1649357643879,-0.256331,2.057827,6.369694
1649357643898,-0.166600,2.372783,6.745666
1649357643917,0.100199,2.494817,7.400402
1649357643936,0.417548,2.401497,8.168797
1649357643955,0.541974,2.220839,9.206684
1649357643974,0.586242,1.768296,10.402497
1649357643993,0.379262,1.056132,11.373385
1649357644012,0.231805,1.027119,12.037692
1649357644031,-0.048156,1.443769,12.546467
1649357644050,0.221037,2.560619,12.333506
1649357644069,0.680758,2.237588,10.486546
1649357644088,0.502493,1.676172,8.919545
1649357644107,-0.000299,0.938585,9.622138
1649357644126,-0.015852,0.048156,12.594323
1649357644145,0.148056,0.358026,15.172889
1649357644164,0.324227,0.626321,14.735899
1649357644183,0.277567,0.871586,11.821142
1649357644202,0.154038,1.507179,9.709476
1649357644221,0.011665,1.500001,8.703893
1649357644240,0.112164,1.334896,8.471788
1649357644259,0.233001,1.060918,8.295917
1649357644278,0.261715,0.820140,8.051549
1649357644297,0.102592,0.944567,8.128119
1649357644316,-0.068495,1.212862,7.983354
1649357644335,-0.003888,1.555036,7.327421
1649357644354,0.101396,1.789831,6.556633
1649357644373,0.095414,1.965704,6.519545
1649357644392,-0.051745,2.259124,7.219744
1649357644411,-0.209671,2.305784,8.169993
1649357644430,-0.604786,2.142773,9.221041
1649357644449,-0.940080,1.990828,9.792028
1649357644468,-0.748355,1.349253,10.142876
1649357644487,-0.702892,0.620339,11.473884
1649357644506,-0.608375,0.757927,12.684353
1649357644525,-0.528216,1.105185,12.556038
1649357644544,-0.690928,2.537888,11.548061
1649357644563,-0.643071,2.662314,9.549157
1649357644582,-0.445663,1.692922,7.884051
1649357644601,-0.850050,1.174577,8.568698
1649357644620,-1.481157,0.972084,11.171191
1649357644639,-1.532603,1.304986,13.440784
1649357644658,-0.870688,1.138685,13.306786
1649357644677,-0.293719,1.290629,10.936396
1649357644696,-0.277867,1.371985,8.959027
1649357644715,-0.583251,1.369592,8.245667
1649357644734,-0.718445,1.374377,8.635697
1649357644753,-0.609572,1.223630,8.976974
1649357644772,-0.424128,1.127917,8.841779
1649357644791,-0.196511,1.130310,8.234900
1649357644810,-0.085244,1.194916,7.788339
1649357644829,-0.092423,1.452144,7.466205
1649357644848,-0.213260,1.893919,7.053144
1649357644867,-0.250349,2.149951,6.859325
1649357644886,0.000897,2.165804,7.224530
1649357644905,0.410369,2.027917,7.947461
1649357644924,0.722632,1.840081,8.845368
1649357644943,0.509671,1.617548,9.883255
1649357644962,0.282353,1.498804,10.484153
1649357644981,0.301496,1.313361,10.895718
1649357645000,0.197109,1.267897,11.792428
1649357645019,-0.078066,1.657030,12.550056
1649357645038,0.267697,2.699403,11.837892
1649357645057,0.636491,2.370390,9.340981
1649357645076,0.605384,1.611566,8.583055
1649357645095,0.672383,0.650250,10.855040
1649357645114,0.218644,0.446561,13.640585
1649357645133,0.388834,0.663410,14.613865
1649357645152,0.291924,0.926621,13.456337
1649357645171,0.237787,1.382752,11.034801
1649357645190,0.423530,1.504786,8.863315
1649357645209,0.508475,1.153041,7.953444
1649357645228,0.373280,0.779462,8.334201
1649357645247,0.273978,0.440578,9.164810
1649357645266,0.106182,0.488734,9.601799
1649357645285,0.063111,0.696910,9.332606
1649357645304,0.124128,0.984048,8.260024
1649357645323,0.136092,1.364806,7.145566
1649357645342,0.253340,1.636691,6.563812
1649357645361,0.332602,2.032703,6.734899
1649357645380,0.358923,2.602494,7.212565
1649357645399,0.163609,2.766701,7.570292
1649357645418,-0.320040,2.373979,8.346166
1649357645437,-1.046561,1.883151,9.754940
1649357645456,-1.200898,1.245165,11.409278
1649357645475,-0.769891,0.939781,12.407682
1649357645494,-0.326022,1.222433,11.946765
1649357645513,-0.212064,1.800599,11.317154
1649357645532,-0.760319,3.086143,11.123335
1649357645551,-0.723231,2.178964,9.634102
1649357645570,-0.353540,1.865205,9.160025
1649357645589,-0.771087,1.178166,10.681561
1649357645608,-1.218844,1.155434,12.350255
1649357645627,-0.856331,1.643869,12.273685
1649357645646,-0.513859,1.853241,10.676775
1649357645665,-0.247956,2.009971,9.058330
1649357645684,-0.395414,1.908276,8.129315
1649357645703,-0.605982,1.446162,8.274381
1649357645722,-0.829711,1.075275,8.887242
1649357645741,-0.827318,0.932603,9.393623
1649357645760,-0.820140,1.064507,9.324232
1649357645779,-0.676571,1.277468,8.474181
1649357645798,-0.566501,1.577767,7.576275
1649357645817,-0.550947,1.824527,7.048358
1649357645836,-0.440878,2.091327,7.008877
1649357645855,-0.384646,2.338087,7.254440
1649357645874,-0.397807,2.521138,7.830213
1649357645893,-0.163011,2.470888,7.990532
1649357645912,0.254537,2.302195,8.135298
1649357645931,0.404387,1.938186,8.851350
1649357645950,0.321835,1.328914,9.959826
1649357645969,0.000897,0.905085,11.290833
1649357645988,-0.298505,0.986441,12.691531
1649357646007,-0.021835,1.627119,13.249358
1649357646026,0.798006,2.906681,11.913266
1649357646045,1.123729,1.970490,9.036794
1649357646064,1.049552,1.734796,7.960622
1649357646083,0.569492,0.656232,9.897612
1649357646102,0.243769,0.274277,13.529318
1649357646121,0.211466,0.570090,15.512968
1649357646140,0.237787,0.662214,13.857434
1649357646159,0.154038,1.320539,10.762917
1649357646178,0.040379,1.903490,8.840582
1649357646197,0.006879,1.872384,8.309076
1649357646216,0.104985,1.508376,8.596215
1649357646235,0.173181,1.100399,9.018847
1649357646254,0.059521,0.955334,9.282058
1649357646273,-0.166600,1.148256,8.918349
1649357646292,-0.185743,1.471287,7.740482
1649357646311,-0.064905,1.935794,6.495317
1649357646330,0.043968,2.216053,5.869295
1649357646349,0.017647,2.496013,6.016753
1649357646368,-0.188136,2.588137,6.822237
1649357646387,-0.439681,2.590530,7.815856
1649357646406,-0.883849,2.510370,8.871689
1649357646425,-1.205683,2.233999,10.054341
1649357646444,-1.233201,2.069792,10.942378
1649357646463,-1.044168,1.889133,11.233405
1649357646482,-0.781855,1.941776,11.422438
1649357646501,-0.741177,1.744368,11.770893
1649357646520,-1.048954,1.685744,12.399308
1649357646539,-1.364806,2.958127,12.114562
1649357646558,-1.137488,2.315355,10.091431
1649357646577,-0.704088,1.913062,9.363713
1649357646596,-0.889831,1.209273,10.579865
1649357646615,-1.233201,0.805783,12.418450
1649357646634,-1.058525,1.181755,12.970295
1649357646653,-0.406182,1.114756,11.459527
1649357646672,-0.001496,1.491626,9.526425
1649357646691,-0.111565,1.819742,8.208578
1649357646710,-0.291326,1.793421,7.708179
1649357646729,-0.466002,1.555036,7.730911
1649357646748,-0.665803,1.279861,8.093424
1649357646767,-0.678963,1.100399,8.501698
1649357646786,-0.454038,1.018744,8.579466
1649357646805,-0.452842,1.167398,8.315059
1649357646824,-0.412164,1.465305,7.729714
1649357646843,-0.412164,1.741975,7.108478
1649357646862,-0.329611,2.075774,6.941877
1649357646881,-0.058923,2.176571,7.287940
1649357646900,0.228215,2.068595,7.863712
1649357646919,0.252144,2.038685,8.733803
1649357646938,0.361316,2.055435,9.799207
1649357646957,0.430708,1.719243,10.899307
1649357646976,0.087039,1.072882,12.450753
1649357646995,-0.202493,0.969691,13.707583
1649357647014,-0.201296,1.170988,13.893327
1649357647033,0.256929,2.271088,13.080365
1649357647052,0.896411,2.183750,10.713863
1649357647071,0.844966,1.428216,8.991330
1649357647090,0.630509,0.822533,9.789636
1649357647109,0.479761,0.155833,12.254542
1649357647128,0.537189,0.677767,13.856237
1649357647147,0.486939,0.725623,12.708282
1649357647166,0.317049,1.102792,10.270892
1649357647185,0.179163,1.507179,8.541181
1649357647204,0.175573,1.423430,7.990532
1649357647223,0.177966,1.301396,8.147262
1649357647242,0.187537,1.063311,8.337790
1649357647261,0.126520,0.930210,8.394022
1649357647280,-0.140279,1.042972,8.341380
1649357647299,-0.369093,1.269093,7.721340
1649357647318,-0.382253,1.672583,6.756434
1649357647337,-0.363111,2.112862,6.166304
1649357647356,-0.481556,2.371586,6.148358
1649357647375,-0.623928,2.513959,6.665506
1649357647394,-0.713659,2.589333,7.460223
1649357647413,-0.838086,2.426621,8.548359
1649357647432,-1.149452,2.123630,9.851849
1649357647451,-1.554138,1.812563,10.967503
1649357647470,-1.538585,1.403091,11.859427
1649357647489,-1.426122,1.382752,12.520145
1649357647508,-1.208076,1.377967,12.527324
1649357647527,-1.475175,2.321337,11.640484
1649357647546,-1.518246,3.133999,9.768100
1649357647565,-1.289432,2.087738,8.551949
1649357647584,-1.325325,1.663012,9.654441
1649357647603,-1.576870,0.812962,11.913266
1649357647622,-1.538585,0.716052,13.494622
1649357647641,-1.333699,0.887139,12.961920
1649357647660,-0.818944,1.102792,10.801202
1649357647679,-0.566501,1.346860,9.045169
1649357647698,-0.658624,1.435395,8.615358
1649357647717,-0.767498,1.326521,8.899206
1649357647736,-0.829711,1.095614,8.955438
1649357647755,-0.766301,1.004387,8.842976
1649357647774,-0.605982,1.030708,8.528020
1649357647793,-0.607179,1.129113,7.996514
1649357647812,-0.554537,1.271486,7.520043
1649357647831,-0.500698,1.491626,7.200602
1649357647850,-0.414557,1.695315,7.044769
1649357647869,-0.315254,1.908276,7.234101
1649357647888,-0.145065,1.966900,7.609774
1649357647907,-0.163011,1.960918,8.055139
1649357647926,-0.123529,1.908276,8.978169
1649357647945,0.247358,1.755135,9.937094
1649357647964,0.564706,1.494019,10.677971
1649357647983,0.622134,1.208076,11.274083
1649357648002,0.279960,1.081257,12.115758
1649357648021,0.005683,1.361217,12.861422
1649357648040,0.337388,2.554637,12.805190
1649357648059,0.819542,1.831706,10.791630
1649357648078,0.980160,1.092024,9.114560
1649357648097,0.305085,0.713659,9.690333
1649357648116,-0.081655,0.283849,12.056835
1649357648135,-0.171386,0.804587,13.892130
1649357648154,-0.052941,1.111167,13.097115
1649357648173,0.059521,1.460519,10.722239
1649357648192,-0.145065,2.006382,9.109775
1649357648211,-0.129512,1.951347,8.311469
1649357648230,0.063111,1.677369,8.224132
1649357648249,0.218644,1.172184,8.684750
1649357648268,0.253340,0.791426,9.253345
1649357648287,-0.062512,0.823729,9.164810
1649357648306,-0.112762,1.101596,8.311469
1649357648325,-0.106780,1.520340,7.116853
1649357648344,-0.149851,1.965704,6.240481
1649357648363,-0.207278,2.338087,6.137590
1649357648382,-0.549751,2.682653,6.782755
1649357648401,-0.828515,2.905485,7.476973
1649357648420,-0.787837,2.812165,7.896016
1649357648439,-0.653839,2.749951,8.516056
1649357648458,-0.832104,2.444567,9.652048
1649357648477,-0.848854,1.808974,11.241780
1649357648496,-0.780658,1.773082,12.518949
1649357648515,-0.629911,1.926222,12.667304
1649357648534,-0.768694,2.522334,12.349058
1649357648553,-0.852742,3.288636,10.977074
1649357648572,-0.643071,2.021935,9.344570
1649357648591,-0.723231,1.627119,9.504889
1649357648610,-1.215255,0.795015,11.271690
1649357648629,-1.436890,0.485145,13.340285
1649357648648,-1.221237,0.879961,13.632210
1649357648667,-0.677767,1.064507,11.467901
1649357648686,-0.527019,1.582553,9.361320
1649357648705,-0.670589,1.808974,8.401200
1649357648724,-0.639482,1.586142,8.353344
1649357648743,-0.571286,1.328914,8.551949
1649357648762,-0.498305,1.156631,8.954242
1649357648781,-0.446860,1.192523,8.882457
1649357648800,-0.379861,1.337289,8.405986
1649357648819,-0.412164,1.691726,7.581060
1649357648838,-0.351147,1.958525,6.739684
1649357648857,-0.318844,2.079363,6.425925
1649357648876,-0.232403,2.278266,6.758827
1649357648895,-0.075673,2.512763,7.254440
1649357648914,-0.165404,2.570191,7.766803
1649357648933,-0.188136,2.499602,8.264810
1649357648952,-0.064905,2.363211,8.896813
1649357648971,0.144467,1.996811,9.684352
1649357648990,0.381655,1.427020,10.861022
1649357649009,0.162413,1.351646,12.224631
1649357649028,-0.177368,1.635494,12.861422
1649357649047,0.096610,2.177768,12.454343
1649357649066,0.950250,2.604887,10.832308
1649357649085,1.232603,1.657030,9.344570
1649357649104,0.860519,1.236790,9.934701
1649357649123,0.404387,0.319741,12.396915
1649357649142,0.320638,0.464507,14.723935
1649357649161,0.464208,1.126720,14.539688
1649357649180,0.250947,1.315753,11.357832
1649357649199,-0.051745,2.075774,8.572288
1649357649218,-0.044566,2.414657,7.426723
1649357649237,0.463011,2.224428,7.510472
1649357649256,0.489332,1.808974,8.311469
1649357649275,0.250947,1.307379,8.789137
1649357649294,-0.142672,1.162613,8.663215
1649357649313,-0.258724,1.417448,8.027621
1649357649332,-0.285045,1.791028,7.056733
1649357649351,-0.482752,2.207678,6.302695
1649357649370,-0.568894,2.545066,6.057431
1649357649389,-0.568894,2.794219,6.568597
1649357649408,-0.340379,2.856432,7.560721
1649357649427,-0.300897,2.683850,8.450253
1649357649446,-0.597607,2.501995,9.272487
1649357649465,-0.979562,2.390729,10.154840
1649357649484,-0.942473,1.853241,11.105389
1649357649503,-0.678963,1.382752,12.236596
1649357649522,-0.486341,1.568196,13.098311
1649357649541,-0.565304,2.195714,12.951153
1649357649560,-0.780658,3.026322,10.908878
1649357649579,-0.829711,1.695315,8.955438
1649357649598,-0.421735,1.205683,9.506086
1649357649617,-0.923330,0.039781,11.815160
1649357649636,-1.276272,-0.020040,13.957932
1649357649655,-0.817747,0.519841,13.839488
1649357649674,-0.214457,0.722034,11.499008
1649357649693,-0.143868,1.370788,9.502497
1649357649712,-0.287438,1.461716,8.719446
1649357649731,-0.318844,1.283450,8.797511
1649357649750,-0.384646,1.093221,8.966206
1649357649769,-0.474377,1.155434,8.903992
1649357649788,-0.609572,1.282254,8.480164
1649357649807,-0.695713,1.370788,7.772785
1649357649826,-0.675374,1.479662,7.079764
1649357649845,-0.549751,1.618744,6.630811
1649357649864,-0.580858,1.848456,6.665506
1649357649883,-0.416949,2.099702,7.138388
1649357649902,-0.002692,2.190928,7.504490
1649357649921,0.270090,2.187339,7.681858
1649357649940,0.391227,1.905883,8.092227
1649357649959,0.447458,1.768296,9.339785
1649357649978,0.504886,1.637887,10.642078
1649357649997,0.508475,1.415056,11.350654
1649357650016,0.348156,1.367199,12.054442
1649357650035,0.235394,1.734796,12.313167
1649357650054,0.534796,2.449353,11.278869
1649357650073,0.723829,1.410270,9.879665
1649357650092,0.711865,1.035793,9.720243
1649357650111,0.103789,0.206082,11.195120
1649357650130,-0.200100,-0.029611,13.530515
1649357650149,0.016451,0.792623,14.621043
1649357650168,0.464208,1.030708,13.233505
1649357650187,0.375673,1.147059,10.849058
1649357650206,0.223430,1.824527,9.655638
1649357650225,0.045165,1.761117,8.936296
1649357650244,0.192323,1.470090,8.802298
1649357650263,0.367298,1.196112,9.076276
1649357650282,0.215055,0.945763,8.903992
1649357650301,-0.070887,1.100399,8.478967
1649357650320,-0.125922,1.377967,7.653144
1649357650339,-0.177368,1.721636,6.721738
1649357650358,-0.286241,2.100898,5.919544
1649357650377,-0.342772,2.369194,5.595317
1649357650396,-0.512662,2.485245,6.183053
1649357650415,-0.614357,2.592922,7.476973
1649357650434,-0.428913,2.390729,8.523234
1649357650453,-0.657428,2.242374,9.318250
1649357650472,-1.218844,2.120041,10.251749
1649357650491,-1.198505,1.586142,10.845469
1649357650510,-0.839283,1.442573,11.153245
1649357650529,-0.489930,1.460519,11.460723
1649357650548,-0.433699,1.703690,12.228221
1649357650567,-0.816551,2.721238,11.987443
1649357650586,-0.772283,1.974079,10.256536
1649357650605,-0.649053,1.690529,9.213862
1649357650624,-0.527019,0.960120,9.710672
1649357650643,-0.978365,0.322134,11.666805
1649357650662,-1.281057,0.750748,13.112668
1649357650681,-0.777069,0.805783,12.485450
1649357650700,-0.400200,1.119542,10.742578
1649357650719,-0.480359,1.514358,9.541979
1649357650738,-0.678963,1.424627,9.170792
1649357650757,-0.730409,1.214058,9.133703
1649357650776,-0.732802,0.920639,9.125328
1649357650795,-0.584447,0.839283,9.136096
1649357650814,-0.669392,0.949352,8.881260
1649357650833,-0.711267,1.145863,8.305488
1649357650852,-0.595215,1.450948,7.684251
1649357650871,-0.467199,1.830509,7.074978
1649357650890,-0.316451,2.029114,6.685845
1649357650909,-0.081655,2.097309,6.757630
1649357650928,0.035593,2.136791,7.265208
1649357650947,-0.037388,2.271088,7.894819
1649357650966,0.091825,2.127219,8.476574
1649357650985,0.448654,1.941776,9.264112
1649357651004,0.501296,1.401895,10.571490
1649357651023,-0.008674,0.990030,12.597912
1649357651042,-0.378664,0.986441,13.246965
1649357651061,-0.395414,1.351646,12.605090
1649357651080,0.155234,2.347658,11.906087
1649357651099,0.649651,2.193321,10.023235
1649357651118,0.515653,1.865205,8.767601
1649357651137,0.195912,1.450948,9.270094
1649357651156,-0.063709,0.856032,11.472688
1649357651175,-0.204885,1.222433,13.317554
1649357651194,-0.018245,1.257129,13.226327
1649357651213,-0.171386,1.357628,11.123335
1649357651232,-0.427717,1.963311,9.308679
1649357651251,-0.252742,2.024328,8.395218
1649357651270,0.113360,1.739582,8.380861
1649357651289,0.144467,1.450948,8.790333
1649357651308,-0.058923,1.215255,8.892028
1649357651327,-0.235992,1.266701,8.589037
1649357651346,-0.306879,1.627119,8.031210
1649357651365,-0.214457,1.933401,7.130013
1649357651384,-0.002692,2.278266,6.265606
1649357651403,-0.008674,2.576173,6.028717
1649357651422,-0.237189,2.643172,6.681060
1649357651441,-0.232403,2.498406,7.917551
1649357651460,-0.246760,2.383550,9.067901
1649357651479,-0.458824,2.274677,9.809975
1649357651498,-0.653839,2.213660,10.299606
1649357651517,-0.608375,1.957329,10.794023
1649357651536,-0.358325,1.951347,11.628520
1649357651555,-0.234796,2.029114,12.133704
1649357651574,-0.317647,2.446960,12.066406
1649357651593,-0.375075,2.651546,10.309177
1649357651612,-0.355932,1.963311,8.884850
1649357651631,-0.513859,1.395913,9.422338
1649357651650,-0.804587,0.597607,11.490633
1649357651669,-0.900599,0.578465,13.622639
1649357651688,-0.901795,1.145863,13.930415
1649357651707,-0.475574,1.383949,11.775679
1649357651726,-0.311665,1.789831,9.605389
1649357651745,-0.550947,1.989632,8.495717
1649357651764,-0.799801,1.869991,8.410771
1649357651783,-0.899402,1.581357,8.752048
1649357651802,-0.832104,1.253540,8.963813
1649357651821,-0.763909,1.204487,8.688339
1649357651840,-0.744766,1.315753,8.074281
1649357651859,-0.652642,1.583750,7.398009
1649357651878,-0.611964,1.793421,6.880861
1649357651897,-0.443270,1.966900,6.651150
1649357651916,-0.348754,2.193321,6.715756
1649357651935,-0.357129,2.302195,7.076175
1649357651954,-0.425324,2.286641,7.693822
1649357651973,-0.415753,2.279463,8.268398
1649357651992,-0.250349,2.320141,8.683554
1649357652011,-0.051745,2.278266,9.222238
1649357652030,-0.085244,1.814956,11.009676
1649357652049,-0.379861,1.769492,13.173685
1649357652068,-0.536590,1.873580,13.504193
1649357652087,-0.449252,2.127219,12.227025
1649357652106,0.107378,3.130410,11.162817
1649357652125,0.652044,2.384747,9.618548
1649357652144,0.631705,1.606780,9.177970
1649357652163,0.155234,0.592822,10.997712
1649357652182,-0.261117,0.448953,13.451551
1649357652201,-0.251545,0.996012,14.589937
1649357652220,-0.100798,1.129113,12.874582
1649357652239,-0.190528,1.496411,10.275678
1649357652258,-0.457627,2.327319,8.653643
1649357652277,-0.252742,2.456532,7.872087
1649357652296,-0.009870,2.187339,7.596614
1649357652315,0.097807,1.652244,7.702197
1649357652334,-0.042173,1.224826,8.074281
1649357652353,-0.343968,1.295414,8.291130
1649357652372,-0.383450,1.428216,7.879266
1649357652391,-0.306879,1.715654,6.977770
1649357652410,-0.322433,2.121237,6.548258
1649357652429,-0.328415,2.467299,6.760023
1649357652448,-0.365504,2.614458,7.297511
1649357652467,-0.585643,2.609672,8.052746
1649357652486,-0.783051,2.409872,8.718249
1649357652505,-0.871885,2.225624,9.122935
1649357652524,-0.952044,2.123630,9.691530
1649357652543,-0.772283,1.462912,11.169995
1649357652562,-0.605982,1.448555,12.321541
1649357652581,-0.189332,1.621137,12.358630
1649357652600,-0.195314,2.123630,11.927623
1649357652619,-0.653839,3.132803,10.688739
1649357652638,-0.487538,2.002793,9.132506
1649357652657,-0.521037,1.692922,9.434301
1649357652676,-0.977169,0.601197,11.536098
1649357652695,-1.100399,0.972084,13.575978
1649357652714,-0.859921,1.424627,13.012170
1649357652733,-0.409771,1.615155,10.658829
1649357652752,-0.203689,2.000400,8.858528
1649357652771,-0.170190,2.018346,8.300702
1649357652790,-0.305683,1.832902,8.668000
1649357652809,-0.483948,1.479662,9.008080
1649357652828,-0.542573,1.336092,9.130114
1649357652847,-0.482752,1.205683,8.654840
1649357652866,-0.544965,1.254736,7.946265
1649357652885,-0.466002,1.431805,7.231708
1649357652904,-0.482752,1.735993,6.575776
1649357652923,-0.513859,1.996811,6.299106
1649357652942,-0.359522,2.247159,6.715756
1649357652961,-0.046959,2.334498,7.834999
1649357652980,0.011665,2.314159,9.162417
1649357652999,0.176770,2.199303,10.011271
1649357653018,0.369691,2.098505,10.386944
1649357653037,0.388834,1.684547,11.184352
1649357653056,0.291924,1.655833,12.192328
1649357653075,0.187537,1.728814,12.404094
1649357653094,0.282353,2.372783,11.918052
1649357653113,1.139283,2.321337,10.122537
1649357653132,1.735395,1.483251,8.354540
1649357653151,0.859322,1.399502,8.832208
1649357653170,0.100199,0.553340,11.227423
1649357653189,-0.159422,0.523430,13.408481
1649357653208,0.096610,0.650250,13.309178
1649357653227,0.301496,0.605982,11.154442
1649357653246,-0.063709,1.337289,9.624531
1649357653265,-0.072084,1.688136,9.036794
1649357653284,0.118146,1.450948,8.758030
1649357653303,0.157627,1.182952,9.037991
1649357653322,0.235394,0.940978,9.565907
1649357653341,0.150449,0.951745,9.550353
1649357653360,0.131306,1.176970,8.789137
1649357653379,-0.017049,1.522732,7.722536
1649357653398,-0.153440,1.935794,6.907182
1649357653417,-0.030209,2.274677,6.687042
1649357653436,-0.104387,2.610869,7.176673
1649357653455,-0.450449,2.801397,7.857730
1649357653474,-0.530608,2.656332,8.219346
1649357653493,-0.428913,2.549852,8.428718
1649357653512,-0.744766,2.290230,9.235398
1649357653531,-0.850050,1.636691,10.706685
1649357653550,-0.548555,1.419841,12.171989
1649357653569,-0.383450,1.642673,12.711870
1649357653588,-0.412164,2.335694,11.946765
1649357653607,-0.303290,3.150749,10.281660
1649357653626,-0.396610,2.011168,8.636893
1649357653645,-0.571286,1.534697,8.803493
1649357653664,-1.008276,0.501895,10.887343
1649357653683,-1.210469,0.674178,13.109078
1649357653702,-0.889831,1.082453,13.433605
1649357653721,-0.243171,1.127917,11.646466
1649357653740,-0.297308,1.590928,9.800404
1649357653759,-0.494716,1.804188,9.262916
1649357653778,-0.505484,1.672583,9.439087
1649357653797,-0.629911,1.322932,9.417552
1649357653816,-0.609572,1.135095,8.970991
1649357653835,-0.611964,1.137488,8.425129
1649357653854,-0.708874,1.438984,7.690233
1649357653873,-0.690928,1.753939,6.849754
1649357653892,-0.564108,1.871187,6.275177
1649357653911,-0.467199,2.007578,6.277570
1649357653930,-0.290130,2.159822,6.919146
1649357653949,-0.136690,2.369194,7.476973
1649357653968,-0.085244,2.415854,7.724929
1649357653987,0.290728,2.199303,8.140083
1649357654006,0.479761,1.929811,9.018847
1649357654025,0.325424,1.521536,10.196714
1649357654044,0.093021,1.471287,11.458330
1649357654063,0.126520,1.752743,12.126526
1649357654082,0.097807,1.844866,12.286845
1649357654101,0.555135,2.748755,11.786447
1649357654120,0.715454,1.598405,10.215858
1649357654139,0.492921,0.894317,9.813564
1649357654158,-0.003888,-0.021236,11.353046
1649357654177,0.151645,-0.396012,14.014164
1649357654196,0.482154,0.305384,15.302101
1649357654215,0.922732,0.716052,13.834702
1649357654234,0.707079,1.004387,11.222637
1649357654253,0.396012,1.799403,9.732208
1649357654272,0.417548,1.782653,9.023633
1649357654291,0.721436,1.424627,9.108579
1649357654310,0.771685,1.050150,9.604192
1649357654329,0.532403,0.894317,9.614960
1649357654348,0.249751,1.141077,8.865707
1649357654367,0.189930,1.555036,7.711768
1649357654386,0.193520,1.788635,6.526723
1649357654405,0.224626,2.075774,5.809474
1649357654424,0.006879,2.280659,5.804688
1649357654443,-0.244367,2.389533,6.348158
1649357654462,-0.379861,2.438585,6.763612
1649357654481,-0.418146,2.446960,7.241280
1649357654500,-0.533001,2.278266,7.943872
1649357654519,-0.783051,2.087738,8.675179
